{"modelo": "EfficientNetV2S_CBAM_v2", "accuracy": 0.9956597222222222, "macro_f1": 0.9961566817205798}